accelerated_chamfer,anisotropic_scaling,atlasPatch_path,atlasSphere_path,atlasnet,batch_size,cat,categories,chamfer_loss_type,checkpointname,commit,date,dest_folder,display,encoder_type,env,epoch_reconstruct,eval_input,eval_target,hidden_sizes,iou_val,k_max_eval,knn,lambda_chamfer,lambda_cycle_2,lambda_cycle_3,lambda_reconstruct,logdir,logname,loss_train_Deformation_ChamferL2,loss_train_cycleL2_2,loss_train_cycleL2_3,loss_train_selfReconstruction_L2,loss_train_total,loss_val_Deformation_ChamferL2,loss_val_Reconstruction_L2,lr_decay_1,lr_decay_2,lrate,mode,model,nepoch,normalization,num_figure_3_4,num_neighbors,num_shots_eval,number_points,number_points_eval,part_supervision,port,randomize,reload,resnet_layers,save_mesh,save_path,shapenetv1_path,skip_connections,start_epoch,timing,train_atlasnet,weight_decay,workers,both_cycle_NN,both_cycle_NN_emsemble,both_cycle_atlasPatch,both_cycle_atlasPatch_emsemble,both_cycle_atlasSphere,both_cycle_atlasSphere_emsemble,both_cycle_ours,both_cycle_ours_emsemble,eval_get_criterions_for_shape,eval_source,iou_NN_ICP_NN,iou_NN_ICP_NN_emsemble,iou_NN_ICP_atlasPatch,iou_NN_ICP_atlasPatch_emsemble,iou_NN_ICP_atlasSphere,iou_NN_ICP_atlasSphere_emsemble,iou_NN_ICP_ours,iou_NN_ICP_ours_emsemble,iou_NN_NN,iou_NN_NN_emsemble,iou_NN_atlasPatch,iou_NN_atlasPatch_emsemble,iou_NN_atlasSphere,iou_NN_atlasSphere_emsemble,iou_NN_ours,iou_NN_ours_emsemble,iou_affine_NN,iou_affine_NN_emsemble,iou_affine_atlasPatch,iou_affine_atlasPatch_emsemble,iou_affine_atlasSphere,iou_affine_atlasSphere_emsemble,iou_affine_ours,iou_affine_ours_emsemble,iou_chamfer_NN,iou_chamfer_NN_emsemble,iou_chamfer_atlasPatch,iou_chamfer_atlasPatch_emsemble,iou_chamfer_atlasSphere,iou_chamfer_atlasSphere_emsemble,iou_chamfer_ours,iou_chamfer_ours_emsemble,iou_cosine_NN,iou_cosine_NN_emsemble,iou_cosine_atlasPatch,iou_cosine_atlasPatch_emsemble,iou_cosine_atlasSphere,iou_cosine_atlasSphere_emsemble,iou_cosine_ours,iou_cosine_ours_emsemble,oracle_NN_NN,oracle_NN_NN_emsemble,oracle_NN_atlasPatch,oracle_NN_atlasPatch_emsemble,oracle_NN_atlasSphere,oracle_NN_atlasSphere_emsemble,oracle_NN_ours,oracle_NN_ours_emsemble,oracle_atlasPatch_NN,oracle_atlasPatch_NN_emsemble,oracle_atlasPatch_atlasPatch,oracle_atlasPatch_atlasPatch_emsemble,oracle_atlasPatch_atlasSphere,oracle_atlasPatch_atlasSphere_emsemble,oracle_atlasPatch_ours,oracle_atlasPatch_ours_emsemble,oracle_atlasSphere_NN,oracle_atlasSphere_NN_emsemble,oracle_atlasSphere_atlasPatch,oracle_atlasSphere_atlasPatch_emsemble,oracle_atlasSphere_atlasSphere,oracle_atlasSphere_atlasSphere_emsemble,oracle_atlasSphere_ours,oracle_atlasSphere_ours_emsemble,oracle_ours_NN,oracle_ours_NN_emsemble,oracle_ours_atlasPatch,oracle_ours_atlasPatch_emsemble,oracle_ours_atlasSphere,oracle_ours_atlasSphere_emsemble,oracle_ours_ours,oracle_ours_ours_emsemble
1.0,1.0,,,SPHERE,16.0,Airplane,['Airplane'],ASSYM_2,./log/Airplane_unsup_ablation_3/checkpointname.txt,https://github.com/ThibaultGROUEIX/CycleConsistentDeformation/commit/a3ed8999d1be92575db33050f0098799292ed01c,2019-08-30 02:44:38.286530,./html/,1.0,Pointnet,shapenet_Airplane_unsup_ablation_3,30.0,,,"[64, 64, 64, 64, 64, 64]",0.5526426449920772,10.0,0.0,1.0,1.0,1.0,0.0,Airplane_unsup_ablation_3,./log/Airplane_unsup_ablation_3/log.txt,0.024081097350868046,0.02628085659969536,0.03372721996952275,,0.08408917431704331,0.05233690000715712,0.4290919190361385,1200.0,1350.0,0.001,TRAIN,,1500.0,BoundingBox,-1.0,20.0,5000.0,2500.0,5000.0,0.0,8888.0,0.0,0.0,0.0,0.0,./log/Airplane_unsup_ablation_3,,0.0,0.0,87584.82048463821,0.0,0.0,4.0,,,,,,,,,,,,,,,,,,,,,,,,,,,,,,,,,,,,,,,,,,,,,,,,,,,,,,,,,,,,,,,,,,,,,,,,,,,,,,,,,,
1.0,1.0,log/Atlasnet_Patch_Car/network.pth,log/Atlasnet_Sphere_Car/network.pth,SPHERE,16.0,Car,['Car'],ASSYM_2,./log/Car_unsup/checkpointname.txt,https://github.com/ThibaultGROUEIX/CycleConsistentDeformation/commit/a3ed8999d1be92575db33050f0098799292ed01c,2019-08-31 03:09:06.616709,./html/,1.0,Pointnet,shapenet_Car_unsup,30.0,,,"[64, 64, 64, 64, 64, 64]",,10.0,0.0,1.0,1.0,1.0,0.0,Car_unsup,./log/Car_unsup/log.txt,,,,,,,,1200.0,1350.0,0.001,TRAIN,./log/Car_unsup/network.pth,1500.0,BoundingBox,-1.0,20.0,10.0,2500.0,5000.0,0.0,8888.0,1.0,0.0,0.0,0.0,./log/Car_unsup,,0.0,0.0,72.01843595504761,0.0,0.0,4.0,0.6051211380662689,0.6208343458740856,0.5404924660718505,0.5573453874297093,0.5126618553986727,0.5488476212811129,0.6034152281123121,0.620628319987914,,,0.6265970483022942,0.0,0.0,0.0,0.0,0.0,0.606224542157667,0.0,0.6241807802430129,0.6253474651339541,0.5458183021194205,0.5556201915835096,0.5397826599478982,0.5524903007635764,0.6086770807455618,0.619138128855154,0.0,0.0,0.0,0.0,0.0,0.0,0.0,0.0,0.6101913390775363,0.6236256109674289,0.5446217012704961,0.5563149912726291,0.537812939070834,0.5517717320909122,0.6102086758127604,0.6201646543753594,0.6229883525917579,0.624883254941655,0.5619757744481199,0.5574542560106553,0.5495173654183698,0.5512413427447921,0.6168917440995135,0.6196710263289595,0.6817303395085363,0.0,0.5712334770637609,0.0,0.5621372696418375,0.0,0.6505569526522929,0.0,0.0,0.0,0.0,0.0,0.0,0.0,0.0,0.0,0.0,0.0,0.0,0.0,0.0,0.0,0.0,0.0,0.6576605995506795,0.0,0.6100762679094424,0.0,0.6008475609438733,0.0,0.6879889212387383,0.0
1.0,1.0,log/Atlasnet_Patch_Lamp/network.pth,log/Atlasnet_Sphere_Lamp/network.pth,SPHERE,16.0,Lamp,['Lamp'],ASSYM_2,./log/Lamp_unsup/checkpointname.txt,https://github.com/ThibaultGROUEIX/CycleConsistentDeformation/commit/a3ed8999d1be92575db33050f0098799292ed01c,2019-08-31 03:09:06.111952,./html/,1.0,Pointnet,shapenet_Lamp_unsup,30.0,,,"[64, 64, 64, 64, 64, 64]",,10.0,0.0,1.0,1.0,1.0,0.0,Lamp_unsup,./log/Lamp_unsup/log.txt,,,,,,,,1200.0,1350.0,0.001,TRAIN,./log/Lamp_unsup/network.pth,1500.0,BoundingBox,-1.0,20.0,10.0,2500.0,5000.0,0.0,8888.0,1.0,0.0,0.0,0.0,./log/Lamp_unsup,,0.0,0.0,118.51981496810913,0.0,0.0,4.0,0.7134123119705807,0.5481661825404556,0.6843142925568729,0.5391062671671715,0.6704429970325634,0.5027312932300132,0.7319005313062269,0.5836609758429319,,,0.6847173941230023,0.0,0.0,0.0,0.0,0.0,0.6978941691110169,0.0,0.6839564984921637,0.5481376355547132,0.6678030663138245,0.5397692995980711,0.6478478638395351,0.4989019972384859,0.6985371059604001,0.5837844564009796,0.0,0.0,0.0,0.0,0.0,0.0,0.0,0.0,0.6940094608687871,0.5473700609369202,0.685703463970999,0.5396357161333806,0.6591586683646653,0.4990867506821079,0.7164308995383072,0.5840946484989159,0.6964526851336768,0.5484865152502539,0.6781211712315527,0.5396523253180944,0.6565435794490972,0.4974374499866923,0.7114479416659454,0.5843718619989731,0.8126574814441918,0.0,0.7588348530599021,0.0,0.7271934658056999,0.0,0.8130230656998001,0.0,0.0,0.0,0.0,0.0,0.0,0.0,0.0,0.0,0.0,0.0,0.0,0.0,0.0,0.0,0.0,0.0,0.7872791396671017,0.0,0.7646906995706714,0.0,0.7445498099621152,0.0,0.8261344012259532,0.0
1.0,1.0,log/Atlasnet_Patch_Airplane/network.pth,log/Atlasnet_Sphere_Airplane/network.pth,SPHERE,16.0,Airplane,['Airplane'],ASSYM_2,./log/Airplane_unsup/checkpointname.txt,https://github.com/ThibaultGROUEIX/CycleConsistentDeformation/commit/a3ed8999d1be92575db33050f0098799292ed01c,2019-08-31 03:09:06.838131,./html/,1.0,Pointnet,shapenet_Airplane_unsup,30.0,,,"[64, 64, 64, 64, 64, 64]",,10.0,0.0,1.0,1.0,1.0,0.0,Airplane_unsup,./log/Airplane_unsup/log.txt,,,,,,,,1200.0,1350.0,0.001,TRAIN,./log/Airplane_unsup/network.pth,1500.0,BoundingBox,-1.0,20.0,10.0,2500.0,5000.0,0.0,8888.0,1.0,0.0,0.0,0.0,./log/Airplane_unsup,,0.0,0.0,138.36544227600098,0.0,0.0,4.0,0.6474237509018207,0.6558061263259538,0.6337838650469688,0.6099509042006106,0.6309922325198848,0.5928946838671749,0.670289835402708,0.6487593645104525,,,0.6233935362520928,0.0,0.0,0.0,0.0,0.0,0.6494164076285079,0.0,0.6162065764943061,0.6560998353638621,0.6167834825666364,0.6107805817935711,0.6154109087045628,0.5931328309966933,0.6512190686695952,0.6491779463688184,0.0,0.0,0.0,0.0,0.0,0.0,0.0,0.0,0.6350122114310955,0.6549467752881382,0.6332697156301675,0.6111128210655662,0.6340933160393047,0.5943001754699967,0.6668525239398247,0.648711884220784,0.6248835594234113,0.6552916447591648,0.6224319138751115,0.6106660175273627,0.6204870700784116,0.5934612369611862,0.6559898415950159,0.6493537808233902,0.7472061581178743,0.0,0.6933501623568054,0.0,0.6846547614207604,0.0,0.7331993629756908,0.0,0.0,0.0,0.0,0.0,0.0,0.0,0.0,0.0,0.0,0.0,0.0,0.0,0.0,0.0,0.0,0.0,0.7192512437705315,0.0,0.725253717009297,0.0,0.7211251358165673,0.0,0.7709656368051334,0.0
1.0,1.0,log/Atlasnet_Patch_Chair/network.pth,log/Atlasnet_Sphere_Chair/network.pth,SPHERE,16.0,Chair,['Chair'],ASSYM_2,./log/Chair_unsup/checkpointname.txt,https://github.com/ThibaultGROUEIX/CycleConsistentDeformation/commit/a3ed8999d1be92575db33050f0098799292ed01c,2019-08-31 03:09:06.070286,./html/,1.0,Pointnet,shapenet_Chair_unsup,30.0,,,"[64, 64, 64, 64, 64, 64]",,10.0,0.0,1.0,1.0,1.0,0.0,Chair_unsup,./log/Chair_unsup/log.txt,,,,,,,,1200.0,1350.0,0.001,TRAIN,./log/Chair_unsup/network.pth,1500.0,BoundingBox,-1.0,20.0,10.0,2500.0,5000.0,0.0,8888.0,1.0,0.0,0.0,0.0,./log/Chair_unsup,,0.0,0.0,292.2242848873138,0.0,0.0,4.0,0.7309886401581271,0.7585777386600309,0.7355896785958138,0.7374904993694371,0.7307176702144601,0.7413335892388698,0.8031977908294695,0.8137812465522092,,,0.7805171292252013,0.0,0.0,0.0,0.0,0.0,0.7908480613018224,0.0,0.7711179358921822,0.765148880206613,0.7140612183171159,0.7349300526581768,0.7027102828541982,0.7387380435177995,0.7900560666368874,0.812815410424331,0.0,0.0,0.0,0.0,0.0,0.0,0.0,0.0,0.7381374117768711,0.7621013696798314,0.6999159319564444,0.7373563031134789,0.6856600156085865,0.7410019476221986,0.7666646225821411,0.8133886692270036,0.7618769949771743,0.7653966909641411,0.7046861012599285,0.7344779509999403,0.6934520836244855,0.7379460208912786,0.781710897571124,0.8128513987509067,0.8242031006199153,0.0,0.7182165198992689,0.0,0.7034434653550273,0.0,0.8146979943509923,0.0,0.0,0.0,0.0,0.0,0.0,0.0,0.0,0.0,0.0,0.0,0.0,0.0,0.0,0.0,0.0,0.0,0.7702439494996859,0.0,0.7668983237171343,0.0,0.763504511323065,0.0,0.8594805170290113,0.0
1.0,1.0,,,SPHERE,16.0,Car,['Car'],ASSYM_2,./log/Car_unsup_ablation_3/checkpointname.txt,https://github.com/ThibaultGROUEIX/CycleConsistentDeformation/commit/a3ed8999d1be92575db33050f0098799292ed01c,2019-08-31 03:09:07.310390,./html/,1.0,Pointnet,shapenet_Car_unsup_ablation_3,30.0,,,"[64, 64, 64, 64, 64, 64]",,10.0,0.0,1.0,1.0,1.0,0.0,Car_unsup_ablation_3,./log/Car_unsup_ablation_3/log.txt,,,,,,,,1200.0,1350.0,0.001,TRAIN,./log/Car_unsup_ablation_3/network.pth,1500.0,BoundingBox,-1.0,20.0,100.0,2500.0,5000.0,0.0,8888.0,0.0,0.0,0.0,0.0,./log/Car_unsup_ablation_3,,0.0,0.0,392.0815064907074,0.0,0.0,4.0,0.6360949550151657,0.6525982190565829,0.0,0.0,0.0,0.0,0.6553854949054827,0.6586139348071599,,,0.6846243340188035,0.0,0.0,0.0,0.0,0.0,0.6778490140408537,0.0,0.676036407059864,0.6943080888648157,0.0,0.0,0.0,0.0,0.6776365689685275,0.6849166177154608,0.0,0.0,0.0,0.0,0.0,0.0,0.0,0.0,0.624800298330216,0.6421224191154993,0.0,0.0,0.0,0.0,0.6450980658016284,0.6551865205871567,0.6705398326773384,0.6994096360874509,0.0,0.0,0.0,0.0,0.6804167813122125,0.6953265426971351,0.7514526379856711,0.0,0.0,0.0,0.0,0.0,0.7084699760732616,0.0,0.0,0.0,0.0,0.0,0.0,0.0,0.0,0.0,0.0,0.0,0.0,0.0,0.0,0.0,0.0,0.0,0.713535774575517,0.0,0.0,0.0,0.0,0.0,0.7529016968335179,0.0
1.0,1.0,,,SPHERE,16.0,Car,['Car'],ASSYM_2,./log/Car_unsup_ablation_2/checkpointname.txt,https://github.com/ThibaultGROUEIX/CycleConsistentDeformation/commit/a3ed8999d1be92575db33050f0098799292ed01c,2019-08-31 03:09:07.567425,./html/,1.0,Pointnet,shapenet_Car_unsup_ablation_2,30.0,,,"[64, 64, 64, 64, 64, 64]",,10.0,1.0,0.0,1.0,1.0,0.0,Car_unsup_ablation_2,./log/Car_unsup_ablation_2/log.txt,,,,,,,,400.0,450.0,0.001,TRAIN,./log/Car_unsup_ablation_2/network.pth,500.0,BoundingBox,-1.0,20.0,100.0,2500.0,5000.0,0.0,8888.0,0.0,0.0,0.0,0.0,./log/Car_unsup_ablation_2,,0.0,0.0,397.2693223953247,0.0,0.0,4.0,0.6608572756296688,0.6746569262195792,0.0,0.0,0.0,0.0,0.6717144178647573,0.6803611195219794,,,0.6846243340188035,0.0,0.0,0.0,0.0,0.0,0.6843976306979389,0.0,0.676036407059864,0.6943080888648157,0.0,0.0,0.0,0.0,0.6805679625884995,0.6900566985918982,0.0,0.0,0.0,0.0,0.0,0.0,0.0,0.0,0.6721081422632023,0.6777532592806893,0.0,0.0,0.0,0.0,0.6857647889459516,0.6878977247243718,0.6430610057753987,0.6987273629393009,0.0,0.0,0.0,0.0,0.6471656338423082,0.703159770246978,0.7514526379856711,0.0,0.0,0.0,0.0,0.0,0.7407211585018111,0.0,0.0,0.0,0.0,0.0,0.0,0.0,0.0,0.0,0.0,0.0,0.0,0.0,0.0,0.0,0.0,0.0,0.7366045090422364,0.0,0.0,0.0,0.0,0.0,0.7574822682130473,0.0
1.0,1.0,log/Atlasnet_Patch_Table/network.pth,log/Atlasnet_Sphere_Table/network.pth,SPHERE,16.0,Table,['Table'],ASSYM_2,./log/Table_unsup/checkpointname.txt,https://github.com/ThibaultGROUEIX/CycleConsistentDeformation/commit/a3ed8999d1be92575db33050f0098799292ed01c,2019-08-31 03:09:05.697998,./html/,1.0,Pointnet,shapenet_Table_unsup,30.0,,,"[64, 64, 64, 64, 64, 64]",,10.0,0.0,1.0,1.0,1.0,0.0,Table_unsup,./log/Table_unsup/log.txt,,,,,,,,1200.0,1350.0,0.001,TRAIN,./log/Table_unsup/network.pth,1500.0,BoundingBox,-1.0,20.0,10.0,2500.0,5000.0,0.0,8888.0,1.0,0.0,0.0,0.0,./log/Table_unsup,,0.0,0.0,441.1579885482788,0.0,0.0,4.0,0.6540060646803979,0.6761393290326959,0.6431067987607118,0.6285921349967898,0.6137658865513871,0.6157358551116887,0.7066528924730621,0.7378391724916192,,,0.6891525222305832,0.0,0.0,0.0,0.0,0.0,0.7046986348868179,0.0,0.6835049447592109,0.6781653985743483,0.6493138306530004,0.629045886628178,0.6262594701188398,0.6159386378786146,0.7047231824992756,0.7370740587653775,0.0,0.0,0.0,0.0,0.0,0.0,0.0,0.0,0.6410643859198426,0.6777753903097553,0.6574361764488641,0.6309296821301158,0.6337086711742387,0.6186076115560109,0.7054987737929308,0.7383844218215322,0.6841210692146349,0.6800558893854068,0.6567201337519287,0.6296134576362328,0.6372861868605971,0.6168875484779607,0.7103328106560748,0.7380753084937428,0.7325791928320398,0.0,0.6595113944495011,0.0,0.6374546329782816,0.0,0.7258525753625816,0.0,0.0,0.0,0.0,0.0,0.0,0.0,0.0,0.0,0.0,0.0,0.0,0.0,0.0,0.0,0.0,0.0,0.6803736779353471,0.0,0.6816815970237278,0.0,0.657501753323797,0.0,0.7644522922139424,0.0
1.0,1.0,,,SPHERE,16.0,Car,['Car'],ASSYM_2,./log/Car_unsup_ablation_1/checkpointname.txt,https://github.com/ThibaultGROUEIX/CycleConsistentDeformation/commit/a3ed8999d1be92575db33050f0098799292ed01c,2019-08-31 03:10:37.842713,./html/,1.0,Pointnet,shapenet_Car_unsup_ablation_1,30.0,,,"[64, 64, 64, 64, 64, 64]",,10.0,1.0,1.0,0.0,0.0,0.0,Car_unsup_ablation_1,./log/Car_unsup_ablation_1/log.txt,,,,,,,,400.0,450.0,0.001,TRAIN,./log/Car_unsup_ablation_1/network.pth,500.0,BoundingBox,-1.0,20.0,100.0,2500.0,5000.0,0.0,8888.0,0.0,0.0,0.0,0.0,./log/Car_unsup_ablation_1,,0.0,0.0,395.90949892997736,0.0,0.0,4.0,0.5511207575157729,0.6273851384769953,0.0,0.0,0.0,0.0,0.3257840273254289,0.35244036549929275,,,0.6846243340188035,0.0,0.0,0.0,0.0,0.0,0.3720014653241961,0.0,0.676036407059864,0.6943080888648157,0.0,0.0,0.0,0.0,0.3715507831522102,0.3969908748248471,0.0,0.0,0.0,0.0,0.0,0.0,0.0,0.0,0.6053992992431331,0.6520560467492432,0.0,0.0,0.0,0.0,0.3647399066937771,0.39015958554063024,0.6648503635072026,0.7073443872903252,0.0,0.0,0.0,0.0,0.3696944002142711,0.4069645778349783,0.7514526379856711,0.0,0.0,0.0,0.0,0.0,0.3933727960311755,0.0,0.0,0.0,0.0,0.0,0.0,0.0,0.0,0.0,0.0,0.0,0.0,0.0,0.0,0.0,0.0,0.0,0.6486185994761133,0.0,0.0,0.0,0.0,0.0,0.438859978295281,0.0
1.0,1.0,,,SPHERE,16.0,Car,['Car'],ASSYM_2,./log/Car_unsup/checkpointname.txt,https://github.com/ThibaultGROUEIX/CycleConsistentDeformation/commit/a3ed8999d1be92575db33050f0098799292ed01c,2019-08-31 03:11:38.393336,./html/,1.0,Pointnet,shapenet_Car_unsup,30.0,,,"[64, 64, 64, 64, 64, 64]",,10.0,1.0,1.0,1.0,1.0,0.0,Car_unsup,./log/Car_unsup/log.txt,,,,,,,,400.0,450.0,0.001,TRAIN,./log/Car_unsup/network.pth,500.0,BoundingBox,-1.0,20.0,100.0,2500.0,5000.0,0.0,8888.0,0.0,0.0,0.0,0.0,./log/Car_unsup,,0.0,0.0,373.6742196083069,0.0,0.0,4.0,0.6274316862737179,0.6522641215522151,0.0,0.0,0.0,0.0,0.6457358198616492,0.6585505571516351,,,0.6846243340188035,0.0,0.0,0.0,0.0,0.0,0.6778924430540157,0.0,0.676036407059864,0.6943080888648157,0.0,0.0,0.0,0.0,0.6778932828014584,0.6866694699122682,0.0,0.0,0.0,0.0,0.0,0.0,0.0,0.0,0.6116781675922996,0.6446727657303245,0.0,0.0,0.0,0.0,0.6389581508523787,0.6529281434476769,0.6751855301270887,0.6990293125150252,0.0,0.0,0.0,0.0,0.6869107475972697,0.6993707694238298,0.7514526379856711,0.0,0.0,0.0,0.0,0.0,0.712262401563707,0.0,0.0,0.0,0.0,0.0,0.0,0.0,0.0,0.0,0.0,0.0,0.0,0.0,0.0,0.0,0.0,0.0,0.7173333807492287,0.0,0.0,0.0,0.0,0.0,0.7546876594149289,0.0
1.0,1.0,,,SPHERE,16.0,Car,['Car'],ASSYM_2,./log/Car_sup/checkpointname.txt,https://github.com/ThibaultGROUEIX/CycleConsistentDeformation/commit/a3ed8999d1be92575db33050f0098799292ed01c,2019-08-31 03:16:11.550389,./html/,1.0,Pointnet,shapenet_Car_sup,30.0,,,"[64, 64, 64, 64, 64, 64]",,10.0,1.0,1.0,1.0,1.0,0.0,Car_sup,./log/Car_sup/log.txt,,,,,,,,400.0,450.0,0.001,TRAIN,./log/Car_sup/network.pth,500.0,BoundingBox,-1.0,20.0,50000.0,2500.0,5000.0,1.0,8888.0,0.0,0.0,0.0,0.0,./log/Car_sup,,0.0,0.0,2341.8505702018742,0.0,0.0,4.0,0.6818168629603617,0.7207331000818298,0.0,0.0,0.0,0.0,0.7123687802362456,0.7561502476240308,,,0.7154049758733572,0.0,0.0,0.0,0.0,0.0,0.7250929414420907,0.0,0.7055174351626564,0.7397317822095374,0.0,0.0,0.0,0.0,0.7245686849025545,0.7557758877222204,0.0,0.0,0.0,0.0,0.0,0.0,0.0,0.0,0.6949642982110269,0.7296848150953531,0.0,0.0,0.0,0.0,0.7290876847464515,0.762335722758244,0.7030449121664317,0.7505735041360051,0.0,0.0,0.0,0.0,0.7173199797221805,0.7663622049655366,0.7844251575648137,0.0,0.0,0.0,0.0,0.0,0.7727356116926803,0.0,0.0,0.0,0.0,0.0,0.0,0.0,0.0,0.0,0.0,0.0,0.0,0.0,0.0,0.0,0.0,0.0,0.7486388865037494,0.0,0.0,0.0,0.0,0.0,0.7994420403152666,0.0
1.0,1.0,,,SPHERE,16.0,Lamp,['Lamp'],ASSYM_2,./log/Lamp_sup/checkpointname.txt,https://github.com/ThibaultGROUEIX/CycleConsistentDeformation/commit/a3ed8999d1be92575db33050f0098799292ed01c,2019-08-31 03:14:10.271344,./html/,1.0,Pointnet,shapenet_Lamp_sup,30.0,,,"[64, 64, 64, 64, 64, 64]",,10.0,1.0,1.0,1.0,1.0,0.0,Lamp_sup,./log/Lamp_sup/log.txt,,,,,,,,400.0,450.0,0.001,TRAIN,./log/Lamp_sup/network.pth,500.0,BoundingBox,-1.0,20.0,50000.0,2500.0,5000.0,1.0,8888.0,0.0,0.0,0.0,0.0,./log/Lamp_sup,,0.0,0.0,6855.812669277191,0.0,0.0,4.0,0.7643700377309919,0.7755401973373086,0.0,0.0,0.0,0.0,0.777874287639483,0.7897364778382959,,,0.7711752175305259,0.0,0.0,0.0,0.0,0.0,0.7721565093585161,0.0,0.7691011537715684,0.7837932098838503,0.0,0.0,0.0,0.0,0.7719206342342616,0.7872063803864006,0.0,0.0,0.0,0.0,0.0,0.0,0.0,0.0,0.7495332316652435,0.7888998051152886,0.0,0.0,0.0,0.0,0.7784549262043544,0.8031791588140134,0.7686492349726871,0.7941320154055225,0.0,0.0,0.0,0.0,0.7789372300099154,0.7978451602789461,0.9360275275531936,0.0,0.0,0.0,0.0,0.0,0.8674336278814069,0.0,0.0,0.0,0.0,0.0,0.0,0.0,0.0,0.0,0.0,0.0,0.0,0.0,0.0,0.0,0.0,0.0,0.8620131880019962,0.0,0.0,0.0,0.0,0.0,0.9350830833367592,0.0
1.0,1.0,,,SPHERE,16.0,Chair,['Chair'],ASSYM_2,./log/Chair_unsup_ablation_3/checkpointname.txt,https://github.com/ThibaultGROUEIX/CycleConsistentDeformation/commit/a3ed8999d1be92575db33050f0098799292ed01c,2019-08-30 00:57:15.056551,./html/,1.0,Pointnet,shapenet_Chair_unsup_ablation_3,30.0,,,"[64, 64, 64, 64, 64, 64]",0.6981135600258505,10.0,0.0,1.0,1.0,1.0,0.0,Chair_unsup_ablation_3,./log/Chair_unsup_ablation_3/log.txt,0.043866226202752205,0.054886288379868815,0.07413828951946229,,0.1728908032717476,0.08999920551749792,0.5821679966016248,1200.0,1350.0,0.001,TRAIN,./log/Chair_unsup_ablation_3/network.pth,1500.0,BoundingBox,-1.0,20.0,5000.0,2500.0,5000.0,0.0,8888.0,0.0,0.0,0.0,0.0,./log/Chair_unsup_ablation_3,,0.0,0.0,104696.25526404381,0.0,0.0,4.0,,,,,,,,,,,,,,,,,,,,,,,,,,,,,,,,,,,,,,,,,,,,,,,,,,,,,,,,,,,,,,,,,,,,,,,,,,,,,,,,,,
1.0,1.0,,,SPHERE,16.0,Airplane,['Airplane'],ASSYM_2,./log/Airplane_unsup_ablation_2/checkpointname.txt,https://github.com/ThibaultGROUEIX/CycleConsistentDeformation/commit/a3ed8999d1be92575db33050f0098799292ed01c,2019-08-31 03:18:11.945448,./html/,1.0,Pointnet,shapenet_Airplane_unsup_ablation_2,30.0,,,"[64, 64, 64, 64, 64, 64]",,10.0,1.0,0.0,1.0,1.0,0.0,Airplane_unsup_ablation_2,./log/Airplane_unsup_ablation_2/log.txt,,,,,,,,400.0,450.0,0.001,TRAIN,./log/Airplane_unsup_ablation_2/network.pth,500.0,BoundingBox,-1.0,20.0,5000.0,2500.0,5000.0,0.0,8888.0,0.0,0.0,0.0,0.0,./log/Airplane_unsup_ablation_2,,0.0,0.0,14375.511175870895,0.0,0.0,4.0,0.7794890898828939,0.8036786890729464,0.0,0.0,0.0,0.0,0.7928901731981179,0.8138421480296414,,,0.7879361340986967,0.0,0.0,0.0,0.0,0.0,0.7842587070330174,0.0,0.7877525203630255,0.8135310245338098,0.0,0.0,0.0,0.0,0.7836898239326423,0.8121885832653718,0.0,0.0,0.0,0.0,0.0,0.0,0.0,0.0,0.7970769217383765,0.8238527354021041,0.0,0.0,0.0,0.0,0.8012281313711436,0.8291890930428194,0.7854674267532071,0.8178231447945505,0.0,0.0,0.0,0.0,0.7841526305715145,0.8154108937325291,0.8748115710465632,0.0,0.0,0.0,0.0,0.0,0.8476400006943923,0.0,0.0,0.0,0.0,0.0,0.0,0.0,0.0,0.0,0.0,0.0,0.0,0.0,0.0,0.0,0.0,0.0,0.8447685744895044,0.0,0.0,0.0,0.0,0.0,0.8772639402902148,0.0
1.0,1.0,,,SPHERE,16.0,Airplane,['Airplane'],ASSYM_2,./log/Airplane_unsup_ablation_3/checkpointname.txt,https://github.com/ThibaultGROUEIX/CycleConsistentDeformation/commit/a3ed8999d1be92575db33050f0098799292ed01c,2019-08-31 03:17:41.766731,./html/,1.0,Pointnet,shapenet_Airplane_unsup_ablation_3,30.0,,,"[64, 64, 64, 64, 64, 64]",,10.0,0.0,1.0,1.0,1.0,0.0,Airplane_unsup_ablation_3,./log/Airplane_unsup_ablation_3/log.txt,,,,,,,,1200.0,1350.0,0.001,TRAIN,./log/Airplane_unsup_ablation_3/network.pth,1500.0,BoundingBox,-1.0,20.0,5000.0,2500.0,5000.0,0.0,8888.0,0.0,0.0,0.0,0.0,./log/Airplane_unsup_ablation_3,,0.0,0.0,14792.217073202131,0.0,0.0,4.0,0.6596469727603156,0.6734448999527777,0.0,0.0,0.0,0.0,0.7114192037545627,0.7032193093242893,,,0.7879361340986967,0.0,0.0,0.0,0.0,0.0,0.7767266584191322,0.0,0.7877525203630255,0.8135310245338098,0.0,0.0,0.0,0.0,0.7766227522097309,0.8022959588656029,0.0,0.0,0.0,0.0,0.0,0.0,0.0,0.0,0.7536914408501836,0.7871420803313712,0.0,0.0,0.0,0.0,0.7593825663248446,0.7721510384653207,0.7856540808695629,0.8193783481268481,0.0,0.0,0.0,0.0,0.7802824060466232,0.8105666581561751,0.8748115710465632,0.0,0.0,0.0,0.0,0.0,0.8331060410869267,0.0,0.0,0.0,0.0,0.0,0.0,0.0,0.0,0.0,0.0,0.0,0.0,0.0,0.0,0.0,0.0,0.0,0.8318544113600985,0.0,0.0,0.0,0.0,0.0,0.8683424722420231,0.0
1.0,1.0,,,SPHERE,16.0,Airplane,['Airplane'],ASSYM_2,./log/Airplane_sup/checkpointname.txt,https://github.com/ThibaultGROUEIX/CycleConsistentDeformation/commit/a3ed8999d1be92575db33050f0098799292ed01c,2019-08-31 03:16:41.371545,./html/,1.0,Pointnet,shapenet_Airplane_sup,30.0,,,"[64, 64, 64, 64, 64, 64]",,10.0,1.0,1.0,1.0,1.0,0.0,Airplane_sup,./log/Airplane_sup/log.txt,,,,,,,,400.0,450.0,0.001,TRAIN,./log/Airplane_sup/network.pth,500.0,BoundingBox,-1.0,20.0,50000.0,2500.0,5000.0,1.0,8888.0,0.0,0.0,0.0,0.0,./log/Airplane_sup,,0.0,0.0,15008.315459012983,0.0,0.0,4.0,0.7619807917529545,0.7858220659822345,0.0,0.0,0.0,0.0,0.7887738027433049,0.817096331711843,,,0.7879361340986967,0.0,0.0,0.0,0.0,0.0,0.7881704880469967,0.0,0.7877525203630255,0.8135310245338098,0.0,0.0,0.0,0.0,0.7871816232060485,0.8129070276248999,0.0,0.0,0.0,0.0,0.0,0.0,0.0,0.0,0.7869959314768419,0.8141355392564189,0.0,0.0,0.0,0.0,0.7930535852963013,0.8133787543011767,0.7847518941417027,0.8236368250685685,0.0,0.0,0.0,0.0,0.7881891110414345,0.8238864757690416,0.8748115710465632,0.0,0.0,0.0,0.0,0.0,0.846015853303621,0.0,0.0,0.0,0.0,0.0,0.0,0.0,0.0,0.0,0.0,0.0,0.0,0.0,0.0,0.0,0.0,0.0,0.8397706140462801,0.0,0.0,0.0,0.0,0.0,0.879788312551,0.0
1.0,1.0,,,SPHERE,16.0,Airplane,['Airplane'],ASSYM_2,./log/Airplane_unsup_ablation_1/checkpointname.txt,https://github.com/ThibaultGROUEIX/CycleConsistentDeformation/commit/a3ed8999d1be92575db33050f0098799292ed01c,2019-08-31 03:55:21.433297,./html/,1.0,Pointnet,shapenet_Airplane_unsup_ablation_1,30.0,,,"[64, 64, 64, 64, 64, 64]",,10.0,1.0,1.0,0.0,0.0,0.0,Airplane_unsup_ablation_1,./log/Airplane_unsup_ablation_1/log.txt,,,,,,,,400.0,450.0,0.001,TRAIN,./log/Airplane_unsup_ablation_1/network.pth,500.0,BoundingBox,-1.0,20.0,5000.0,2500.0,5000.0,0.0,8888.0,0.0,0.0,0.0,0.0,./log/Airplane_unsup_ablation_1,,0.0,0.0,15348.737893581392,0.0,0.0,4.0,0.5507997240972848,0.5361894984293216,0.0,0.0,0.0,0.0,0.2416168076449404,0.22229596443567776,,,0.7879361340986967,0.0,0.0,0.0,0.0,0.0,0.2327675732413381,0.0,0.7877525203630255,0.8135310245338098,0.0,0.0,0.0,0.0,0.2331083131846029,0.2374420282950475,0.0,0.0,0.0,0.0,0.0,0.0,0.0,0.0,0.4964575560282182,0.5898082872111464,0.0,0.0,0.0,0.0,0.21395416468121148,0.20989827168907474,0.7767539550738308,0.8084345536695153,0.0,0.0,0.0,0.0,0.2283311044959029,0.24010769352545824,0.8748115710465632,0.0,0.0,0.0,0.0,0.0,0.2468293690949935,0.0,0.0,0.0,0.0,0.0,0.0,0.0,0.0,0.0,0.0,0.0,0.0,0.0,0.0,0.0,0.0,0.0,0.5671238666357066,0.0,0.0,0.0,0.0,0.0,0.3228597367767393,0.0
1.0,1.0,,,SPHERE,16.0,Airplane,['Airplane'],ASSYM_2,./log/Airplane_unsup/checkpointname.txt,https://github.com/ThibaultGROUEIX/CycleConsistentDeformation/commit/a3ed8999d1be92575db33050f0098799292ed01c,2019-08-31 05:08:40.533676,./html/,1.0,Pointnet,shapenet_Airplane_unsup,30.0,,,"[64, 64, 64, 64, 64, 64]",,10.0,1.0,1.0,1.0,1.0,0.0,Airplane_unsup,./log/Airplane_unsup/log.txt,,,,,,,,400.0,450.0,0.001,TRAIN,./log/Airplane_unsup/network.pth,500.0,BoundingBox,-1.0,20.0,5000.0,2500.0,5000.0,0.0,8888.0,0.0,0.0,0.0,0.0,./log/Airplane_unsup,,0.0,0.0,14286.116153478622,0.0,0.0,4.0,0.769196655332328,0.8005710261105343,0.0,0.0,0.0,0.0,0.7918204913549064,0.8137107006955479,,,0.7879361340986967,0.0,0.0,0.0,0.0,0.0,0.7862048754753594,0.0,0.7877525203630255,0.8135310245338098,0.0,0.0,0.0,0.0,0.7865200966647591,0.8149540640623562,0.0,0.0,0.0,0.0,0.0,0.0,0.0,0.0,0.7891932556426117,0.8155680677894056,0.0,0.0,0.0,0.0,0.7977586420500541,0.8229409062384315,0.7860558390406629,0.8195917663020287,0.0,0.0,0.0,0.0,0.7858866773353383,0.8191206573902935,0.8748115710465632,0.0,0.0,0.0,0.0,0.0,0.8474655348326645,0.0,0.0,0.0,0.0,0.0,0.0,0.0,0.0,0.0,0.0,0.0,0.0,0.0,0.0,0.0,0.0,0.0,0.8410851730925243,0.0,0.0,0.0,0.0,0.0,0.8784384973279515,0.0
1.0,1.0,,,SPHERE,16.0,Car,['Car'],ASSYM_2,./log/Car_unsup/checkpointname.txt,https://github.com/ThibaultGROUEIX/CycleConsistentDeformation/commit/a3ed8999d1be92575db33050f0098799292ed01c,2019-09-03 17:32:12.403279,./html/,1.0,Pointnet,shapenet_Car_unsup,30.0,,,"[64, 64, 64, 64, 64, 64]",,10.0,1.0,1.0,1.0,1.0,0.0,Car_unsup,./log/Car_unsup/log.txt,,,,,,,,400.0,450.0,0.001,TRAIN,./log/Car_unsup/network.pth,500.0,BoundingBox,3.0,20.0,50000.0,2500.0,5000.0,0.0,8888.0,0.0,0.0,0.0,0.0,./log/Car_unsup,/trainman-mount/trainman-storage-e7719e4d-b36c-4bc0-a3b3-e13a2d53f66d/ShapeNetCore.v1/,0.0,0.0,2151.1409392356877,0.0,0.0,4.0,0.6454582717056543,0.6745780713475877,0.0,0.0,0.0,0.0,0.6729428704385695,0.6973021070126995,,,0.7154049758733572,0.0,0.0,0.0,0.0,0.0,0.7097536302178546,0.0,0.7055174351626564,0.7397317822095374,0.0,0.0,0.0,0.0,0.7085771935719535,0.7363659797835329,0.0,0.0,0.0,0.0,0.0,0.0,0.0,0.0,0.6611162763261037,0.6913911400723263,0.0,0.0,0.0,0.0,0.6796148259530168,0.7019798517472493,0.6972505882092062,0.7471193977544622,0.0,0.0,0.0,0.0,0.7083498202339621,0.7538479377060437,0.7844251575648137,0.0,0.0,0.0,0.0,0.0,0.7377333718394973,0.0,0.0,0.0,0.0,0.0,0.0,0.0,0.0,0.0,0.0,0.0,0.0,0.0,0.0,0.0,0.0,0.0,0.7486584934528779,0.0,0.0,0.0,0.0,0.0,0.7878419359920712,0.0
1.0,1.0,,,SPHERE,16.0,Lamp,['Lamp'],ASSYM_2,./log/Lamp_unsup/checkpointname.txt,https://github.com/ThibaultGROUEIX/CycleConsistentDeformation/commit/a3ed8999d1be92575db33050f0098799292ed01c,2019-09-03 17:32:11.840965,./html/,1.0,Pointnet,shapenet_Lamp_unsup,30.0,,,"[64, 64, 64, 64, 64, 64]",,10.0,1.0,1.0,1.0,1.0,0.0,Lamp_unsup,./log/Lamp_unsup/log.txt,,,,,,,,400.0,450.0,0.001,TRAIN,./log/Lamp_unsup/network.pth,500.0,BoundingBox,3.0,20.0,50000.0,2500.0,5000.0,0.0,8888.0,0.0,0.0,0.0,0.0,./log/Lamp_unsup,/trainman-mount/trainman-storage-e7719e4d-b36c-4bc0-a3b3-e13a2d53f66d/ShapeNetCore.v1/,0.0,0.0,6768.182166099548,0.0,0.0,4.0,0.7562630004226951,0.7661830793929879,0.0,0.0,0.0,0.0,0.7687268997445987,0.7771507677685762,,,0.7711752175305259,0.0,0.0,0.0,0.0,0.0,0.7717294416396769,0.0,0.7691011537715684,0.7837932098838503,0.0,0.0,0.0,0.0,0.7718367498302839,0.7886244963519008,0.0,0.0,0.0,0.0,0.0,0.0,0.0,0.0,0.748317123653467,0.7778446937296062,0.0,0.0,0.0,0.0,0.768576883047264,0.7940800190223198,0.7684122476044787,0.7926738128111207,0.0,0.0,0.0,0.0,0.7777557344961304,0.8021846891707548,0.9360275275531936,0.0,0.0,0.0,0.0,0.0,0.8812053686464446,0.0,0.0,0.0,0.0,0.0,0.0,0.0,0.0,0.0,0.0,0.0,0.0,0.0,0.0,0.0,0.0,0.0,0.8697714030524892,0.0,0.0,0.0,0.0,0.0,0.9387466304592956,0.0
1.0,1.0,,,SPHERE,16.0,Airplane,['Airplane'],ASSYM_2,./log/Airplane_unsup/checkpointname.txt,https://github.com/ThibaultGROUEIX/CycleConsistentDeformation/commit/a3ed8999d1be92575db33050f0098799292ed01c,2019-09-03 22:51:24.987914,./html/,1.0,Pointnet,shapenet_Airplane_unsup,30.0,,,"[64, 64, 64, 64, 64, 64]",,10.0,1.0,1.0,1.0,1.0,0.0,Airplane_unsup,./log/Airplane_unsup/log.txt,,,,,,,,400.0,450.0,0.001,TRAIN,./log/Airplane_unsup/network.pth,500.0,BoundingBox,3.0,20.0,50000.0,2500.0,5000.0,0.0,8888.0,0.0,0.0,0.0,0.0,./log/Airplane_unsup,/trainman-mount/trainman-storage-e7719e4d-b36c-4bc0-a3b3-e13a2d53f66d/ShapeNetCore.v1/,0.0,0.0,15236.150299310684,0.0,0.0,4.0,0.769196655332328,0.8005710261105343,0.0,0.0,0.0,0.0,0.7918204913549064,0.8137107006955479,,,0.7879361340986967,0.0,0.0,0.0,0.0,0.0,0.7862048754753594,0.0,0.7877525203630255,0.8135310245338098,0.0,0.0,0.0,0.0,0.7865200966647591,0.8149540640623562,0.0,0.0,0.0,0.0,0.0,0.0,0.0,0.0,0.7891932556426117,0.8155680677894056,0.0,0.0,0.0,0.0,0.7977586420500541,0.8229409062384315,0.7860558390406629,0.8195917663020287,0.0,0.0,0.0,0.0,0.7858866773353383,0.8191206573902935,0.8748115710465632,0.0,0.0,0.0,0.0,0.0,0.8474655348326645,0.0,0.0,0.0,0.0,0.0,0.0,0.0,0.0,0.0,0.0,0.0,0.0,0.0,0.0,0.0,0.0,0.0,0.8410851730925243,0.0,0.0,0.0,0.0,0.0,0.8784384973279515,0.0
1.0,1.0,,,SPHERE,16.0,Chair,['Chair'],ASSYM_2,./log/Chair_unsup_ablation_3/checkpointname.txt,https://github.com/ThibaultGROUEIX/CycleConsistentDeformation/commit/a3ed8999d1be92575db33050f0098799292ed01c,2019-09-03 22:51:25.640327,./html/,1.0,Pointnet,shapenet_Chair_unsup_ablation_3,30.0,,,"[64, 64, 64, 64, 64, 64]",,10.0,0.0,1.0,1.0,1.0,0.0,Chair_unsup_ablation_3,./log/Chair_unsup_ablation_3/log.txt,,,,,,,,1200.0,1350.0,0.001,TRAIN,./log/Chair_unsup_ablation_3/network.pth,1500.0,BoundingBox,-1.0,20.0,5000.0,2500.0,5000.0,0.0,8888.0,0.0,0.0,0.0,0.0,./log/Chair_unsup_ablation_3,,0.0,0.0,40261.86014461517,0.0,0.0,4.0,0.7807202517995878,0.8012595854882009,0.0,0.0,0.0,0.0,0.8325459337291927,0.8450326964379985,,,0.8578459123230371,0.0,0.0,0.0,0.0,0.0,0.8479905261441211,0.0,0.8535974002807266,0.8608645362179203,0.0,0.0,0.0,0.0,0.8480638534019787,0.8548948492875126,0.0,0.0,0.0,0.0,0.0,0.0,0.0,0.0,0.8044655317265214,0.8353753051087811,0.0,0.0,0.0,0.0,0.8382431918042933,0.8537622029619492,0.8581577844850262,0.8681875337041002,0.0,0.0,0.0,0.0,0.8547869311880089,0.8660749782663177,0.9165094017076076,0.0,0.0,0.0,0.0,0.0,0.86041734153143,0.0,0.0,0.0,0.0,0.0,0.0,0.0,0.0,0.0,0.0,0.0,0.0,0.0,0.0,0.0,0.0,0.0,0.8366887687725332,0.0,0.0,0.0,0.0,0.0,0.9222931409925608,0.0
1.0,1.0,,,SPHERE,16.0,Chair,['Chair'],ASSYM_2,./log/Chair_sup/checkpointname.txt,https://github.com/ThibaultGROUEIX/CycleConsistentDeformation/commit/a3ed8999d1be92575db33050f0098799292ed01c,2019-09-03 22:51:25.234802,./html/,1.0,Pointnet,shapenet_Chair_sup,30.0,,,"[64, 64, 64, 64, 64, 64]",,10.0,1.0,1.0,1.0,1.0,0.0,Chair_sup,./log/Chair_sup/log.txt,,,,,,,,400.0,450.0,0.001,TRAIN,./log/Chair_sup/network.pth,500.0,BoundingBox,-1.0,20.0,50000.0,2500.0,5000.0,1.0,8888.0,0.0,0.0,0.0,0.0,./log/Chair_sup,,0.0,0.0,41104.99897694588,0.0,0.0,4.0,0.8170718111879811,0.8346756663001865,0.0,0.0,0.0,0.0,0.8692896276470726,0.8789890529036405,,,0.8578459123230371,0.0,0.0,0.0,0.0,0.0,0.8584746397002423,0.0,0.8535974002807266,0.8608645362179203,0.0,0.0,0.0,0.0,0.8588486765439924,0.86626238146909,0.0,0.0,0.0,0.0,0.0,0.0,0.0,0.0,0.8337850549372384,0.8543810125051938,0.0,0.0,0.0,0.0,0.8686283959741069,0.8819043939766454,0.855840135455619,0.8699643297931524,0.0,0.0,0.0,0.0,0.8629338945821045,0.8785928771195899,0.9165094017076076,0.0,0.0,0.0,0.0,0.0,0.8858677017109603,0.0,0.0,0.0,0.0,0.0,0.0,0.0,0.0,0.0,0.0,0.0,0.0,0.0,0.0,0.0,0.0,0.0,0.8452319833620219,0.0,0.0,0.0,0.0,0.0,0.9285481002804464,0.0
1.0,1.0,,,SPHERE,16.0,Chair,['Chair'],ASSYM_2,./log/Chair_unsup_ablation_1/checkpointname.txt,https://github.com/ThibaultGROUEIX/CycleConsistentDeformation/commit/a3ed8999d1be92575db33050f0098799292ed01c,2019-09-03 22:51:26.558663,./html/,1.0,Pointnet,shapenet_Chair_unsup_ablation_1,30.0,,,"[64, 64, 64, 64, 64, 64]",,10.0,1.0,1.0,0.0,0.0,0.0,Chair_unsup_ablation_1,./log/Chair_unsup_ablation_1/log.txt,,,,,,,,400.0,450.0,0.001,TRAIN,./log/Chair_unsup_ablation_1/network.pth,500.0,BoundingBox,-1.0,20.0,5000.0,2500.0,5000.0,0.0,8888.0,0.0,0.0,0.0,0.0,./log/Chair_unsup_ablation_1,,0.0,0.0,41158.51460242272,0.0,0.0,4.0,0.6769521262539239,0.7350727970430347,0.0,0.0,0.0,0.0,0.3187054302276225,0.3383861456500081,,,0.8578459123230371,0.0,0.0,0.0,0.0,0.0,0.34272311661014165,0.0,0.8535974002807266,0.8608645362179203,0.0,0.0,0.0,0.0,0.3425335892900619,0.3333768614706737,0.0,0.0,0.0,0.0,0.0,0.0,0.0,0.0,0.6082381798755127,0.7251767124703882,0.0,0.0,0.0,0.0,0.2584556572672997,0.24143401134721545,0.8486604993419498,0.8669684436574044,0.0,0.0,0.0,0.0,0.3433507960069153,0.3378187654171857,0.9165094017076076,0.0,0.0,0.0,0.0,0.0,0.34549701188155424,0.0,0.0,0.0,0.0,0.0,0.0,0.0,0.0,0.0,0.0,0.0,0.0,0.0,0.0,0.0,0.0,0.0,0.7103756864753271,0.0,0.0,0.0,0.0,0.0,0.4023560404618275,0.0
1.0,1.0,,,SPHERE,16.0,Chair,['Chair'],ASSYM_2,./log/Chair_unsup_ablation_2/checkpointname.txt,https://github.com/ThibaultGROUEIX/CycleConsistentDeformation/commit/a3ed8999d1be92575db33050f0098799292ed01c,2019-09-03 22:51:26.049315,./html/,1.0,Pointnet,shapenet_Chair_unsup_ablation_2,30.0,,,"[64, 64, 64, 64, 64, 64]",,10.0,1.0,0.0,1.0,1.0,0.0,Chair_unsup_ablation_2,./log/Chair_unsup_ablation_2/log.txt,,,,,,,,400.0,450.0,0.001,TRAIN,./log/Chair_unsup_ablation_2/network.pth,500.0,BoundingBox,-1.0,20.0,5000.0,2500.0,5000.0,0.0,8888.0,0.0,0.0,0.0,0.0,./log/Chair_unsup_ablation_2,,0.0,0.0,41541.085178136826,0.0,0.0,4.0,0.8185379392942687,0.8338336313525027,0.0,0.0,0.0,0.0,0.8617307180984392,0.8704484312155689,,,0.8578459123230371,0.0,0.0,0.0,0.0,0.0,0.8523198298440224,0.0,0.8535974002807266,0.8608645362179203,0.0,0.0,0.0,0.0,0.8524196756164509,0.8600567593486762,0.0,0.0,0.0,0.0,0.0,0.0,0.0,0.0,0.837804523415939,0.8549500629597838,0.0,0.0,0.0,0.0,0.8656316739321032,0.8757706384327663,0.8534169149852716,0.8662215212282767,0.0,0.0,0.0,0.0,0.8545854789089667,0.8669646111966256,0.9165094017076076,0.0,0.0,0.0,0.0,0.0,0.880378463020855,0.0,0.0,0.0,0.0,0.0,0.0,0.0,0.0,0.0,0.0,0.0,0.0,0.0,0.0,0.0,0.0,0.0,0.8535776933690421,0.0,0.0,0.0,0.0,0.0,0.9238786091808292,0.0
1.0,1.0,,,SPHERE,16.0,Chair,['Chair'],ASSYM_2,./log/Chair_unsup/checkpointname.txt,https://github.com/ThibaultGROUEIX/CycleConsistentDeformation/commit/a3ed8999d1be92575db33050f0098799292ed01c,2019-09-03 22:51:24.591161,./html/,1.0,Pointnet,shapenet_Chair_unsup,30.0,,,"[64, 64, 64, 64, 64, 64]",,10.0,1.0,1.0,1.0,1.0,0.0,Chair_unsup,./log/Chair_unsup/log.txt,,,,,,,,400.0,450.0,0.001,TRAIN,./log/Chair_unsup/network.pth,500.0,BoundingBox,3.0,20.0,50000.0,2500.0,5000.0,0.0,8888.0,0.0,0.0,0.0,0.0,./log/Chair_unsup,/trainman-mount/trainman-storage-e7719e4d-b36c-4bc0-a3b3-e13a2d53f66d/ShapeNetCore.v1/,0.0,0.0,41628.754827260964,0.0,0.0,4.0,0.8249016327097333,0.8399803738270559,0.0,0.0,0.0,0.0,0.8678307268510852,0.8765873981163893,,,0.8578459123230371,0.0,0.0,0.0,0.0,0.0,0.8572740824910265,0.0,0.8535974002807266,0.8608645362179203,0.0,0.0,0.0,0.0,0.8571917123504964,0.8643084720441252,0.0,0.0,0.0,0.0,0.0,0.0,0.0,0.0,0.8385161115554872,0.8573923281175516,0.0,0.0,0.0,0.0,0.8683757071671775,0.8765079499737827,0.8544746818465909,0.8712328111251256,0.0,0.0,0.0,0.0,0.8601027008752833,0.8754256273277865,0.9165094017076076,0.0,0.0,0.0,0.0,0.0,0.8841312716919499,0.0,0.0,0.0,0.0,0.0,0.0,0.0,0.0,0.0,0.0,0.0,0.0,0.0,0.0,0.0,0.0,0.0,0.8573554762231848,0.0,0.0,0.0,0.0,0.0,0.9269024439971284,0.0
1.0,1.0,,,SPHERE,16.0,Car,['Car'],ASSYM_2,./log/Car_unsup_ablation_2/checkpointname.txt,https://github.com/ThibaultGROUEIX/CycleConsistentDeformation/commit/a3ed8999d1be92575db33050f0098799292ed01c,2019-09-04 17:28:52.226793,./html/,1.0,Pointnet,shapenet_Car_unsup_ablation_2,30.0,,,"[64, 64, 64, 64, 64, 64]",,10.0,1.0,0.0,1.0,1.0,0.0,Car_unsup_ablation_2,./log/Car_unsup_ablation_2/log.txt,,,,,,,,400.0,450.0,0.001,TRAIN,./log/Car_unsup_ablation_2/network.pth,500.0,BoundingBox,-1.0,20.0,5000.0,2500.0,5000.0,0.0,8888.0,0.0,0.0,0.0,0.0,./log/Car_unsup_ablation_2,,0.0,0.0,2122.9879240989685,0.0,0.0,4.0,0.6908824799962642,0.7220535525209826,0.0,0.0,0.0,0.0,0.7012189075357741,0.730587264231243,,,0.7154049758733572,0.0,0.0,0.0,0.0,0.0,0.7138888098939581,0.0,0.7055174351626564,0.7397317822095374,0.0,0.0,0.0,0.0,0.7104513195525349,0.7392254802691046,0.0,0.0,0.0,0.0,0.0,0.0,0.0,0.0,0.6999474515663479,0.7321036851919434,0.0,0.0,0.0,0.0,0.7146105754804469,0.7458275930562713,0.6615757488247069,0.7228250313337236,0.0,0.0,0.0,0.0,0.6678345705907286,0.7239311885779669,0.7844251575648137,0.0,0.0,0.0,0.0,0.0,0.7693229737481725,0.0,0.0,0.0,0.0,0.0,0.0,0.0,0.0,0.0,0.0,0.0,0.0,0.0,0.0,0.0,0.0,0.0,0.7652652666610277,0.0,0.0,0.0,0.0,0.0,0.7900236840531132,0.0
1.0,1.0,,,SPHERE,16.0,Car,['Car'],ASSYM_2,./log/Car_unsup_ablation_3/checkpointname.txt,https://github.com/ThibaultGROUEIX/CycleConsistentDeformation/commit/a3ed8999d1be92575db33050f0098799292ed01c,2019-09-04 17:28:51.770256,./html/,1.0,Pointnet,shapenet_Car_unsup_ablation_3,30.0,,,"[64, 64, 64, 64, 64, 64]",,10.0,0.0,1.0,1.0,1.0,0.0,Car_unsup_ablation_3,./log/Car_unsup_ablation_3/log.txt,,,,,,,,1200.0,1350.0,0.001,TRAIN,./log/Car_unsup_ablation_3/network.pth,1500.0,BoundingBox,-1.0,20.0,5000.0,2500.0,5000.0,0.0,8888.0,0.0,0.0,0.0,0.0,./log/Car_unsup_ablation_3,,0.0,0.0,2191.072390794754,0.0,0.0,4.0,0.6282210052251185,0.6668119512615573,0.0,0.0,0.0,0.0,0.6533687147607782,0.6890555916057421,,,0.7154049758733572,0.0,0.0,0.0,0.0,0.0,0.7086300661355722,0.0,0.7055174351626564,0.7397317822095374,0.0,0.0,0.0,0.0,0.7074683922529059,0.7344831899753971,0.0,0.0,0.0,0.0,0.0,0.0,0.0,0.0,0.6605418436552161,0.6892873279207751,0.0,0.0,0.0,0.0,0.6794567789138349,0.7008359568789829,0.7040679449833839,0.7450440616297228,0.0,0.0,0.0,0.0,0.7151777935882841,0.7509537611052401,0.7844251575648137,0.0,0.0,0.0,0.0,0.0,0.7327003455542108,0.0,0.0,0.0,0.0,0.0,0.0,0.0,0.0,0.0,0.0,0.0,0.0,0.0,0.0,0.0,0.0,0.0,0.7421376260847153,0.0,0.0,0.0,0.0,0.0,0.7868073752003799,0.0
1.0,1.0,,,SPHERE,16.0,Car,['Car'],ASSYM_2,./log/Car_unsup_ablation_1/checkpointname.txt,https://github.com/ThibaultGROUEIX/CycleConsistentDeformation/commit/a3ed8999d1be92575db33050f0098799292ed01c,2019-09-04 17:28:52.295507,./html/,1.0,Pointnet,shapenet_Car_unsup_ablation_1,30.0,,,"[64, 64, 64, 64, 64, 64]",,10.0,1.0,1.0,0.0,0.0,0.0,Car_unsup_ablation_1,./log/Car_unsup_ablation_1/log.txt,,,,,,,,400.0,450.0,0.001,TRAIN,./log/Car_unsup_ablation_1/network.pth,500.0,BoundingBox,-1.0,20.0,5000.0,2500.0,5000.0,0.0,8888.0,0.0,0.0,0.0,0.0,./log/Car_unsup_ablation_1,,0.0,0.0,2237.3964071273804,0.0,0.0,4.0,0.42389091386024064,0.5789080961050701,0.0,0.0,0.0,0.0,0.25088662280618745,0.31621419041043713,,,0.7154049758733572,0.0,0.0,0.0,0.0,0.0,0.3800587417321837,0.0,0.7055174351626564,0.7397317822095374,0.0,0.0,0.0,0.0,0.37992930523147095,0.41394822681802745,0.0,0.0,0.0,0.0,0.0,0.0,0.0,0.0,0.6081661963964929,0.6655144458911896,0.0,0.0,0.0,0.0,0.35724207952014464,0.3989994404680501,0.6831617624021137,0.7321279907260136,0.0,0.0,0.0,0.0,0.3776061152162193,0.4176586269856077,0.7844251575648137,0.0,0.0,0.0,0.0,0.0,0.3974209999177722,0.0,0.0,0.0,0.0,0.0,0.0,0.0,0.0,0.0,0.0,0.0,0.0,0.0,0.0,0.0,0.0,0.0,0.6584365352395667,0.0,0.0,0.0,0.0,0.0,0.4557284355538041,0.0
1.0,1.0,,,SPHERE,16.0,Table,['Table'],ASSYM_2,./log/Table_sup/checkpointname.txt,https://github.com/ThibaultGROUEIX/CycleConsistentDeformation/commit/a3ed8999d1be92575db33050f0098799292ed01c,2019-09-03 22:51:25.147362,./html/,1.0,Pointnet,shapenet_Table_sup,30.0,,,"[64, 64, 64, 64, 64, 64]",,10.0,1.0,1.0,1.0,1.0,0.0,Table_sup,./log/Table_sup/log.txt,,,,,,,,400.0,450.0,0.001,TRAIN,./log/Table_sup/network.pth,500.0,BoundingBox,-1.0,20.0,50000.0,2500.0,5000.0,1.0,8888.0,0.0,0.0,0.0,0.0,./log/Table_sup,,0.0,0.0,72905.71414542197,0.0,0.0,4.0,0.7084064863603065,0.7491730044897378,0.0,0.0,0.0,0.0,0.7469970625337045,0.7823656064707231,,,0.7484507193824266,0.0,0.0,0.0,0.0,0.0,0.7496891313222666,0.0,0.7483440228146554,0.7886480513198559,0.0,0.0,0.0,0.0,0.7498299610533566,0.7915633022539831,0.0,0.0,0.0,0.0,0.0,0.0,0.0,0.0,0.7091748854259542,0.764210490002884,0.0,0.0,0.0,0.0,0.7534595467707458,0.7932268141331967,0.7385050003214674,0.7897063229184539,0.0,0.0,0.0,0.0,0.7457123829848342,0.7937865696313154,0.879917823020736,0.0,0.0,0.0,0.0,0.0,0.8194007254198317,0.0,0.0,0.0,0.0,0.0,0.0,0.0,0.0,0.0,0.0,0.0,0.0,0.0,0.0,0.0,0.0,0.0,0.7589706866800059,0.0,0.0,0.0,0.0,0.0,0.8939676005955794,0.0
1.0,1.0,,,SPHERE,16.0,Table,['Table'],ASSYM_2,./log/Table_unsup/checkpointname.txt,https://github.com/ThibaultGROUEIX/CycleConsistentDeformation/commit/a3ed8999d1be92575db33050f0098799292ed01c,2019-09-03 22:51:24.429975,./html/,1.0,Pointnet,shapenet_Table_unsup,30.0,,,"[64, 64, 64, 64, 64, 64]",,10.0,1.0,1.0,1.0,1.0,0.0,Table_unsup,./log/Table_unsup/log.txt,,,,,,,,400.0,450.0,0.001,TRAIN,./log/Table_unsup/network.pth,500.0,BoundingBox,3.0,20.0,50000.0,2500.0,5000.0,0.0,8888.0,0.0,0.0,0.0,0.0,./log/Table_unsup,/trainman-mount/trainman-storage-e7719e4d-b36c-4bc0-a3b3-e13a2d53f66d/ShapeNetCore.v1/,0.0,0.0,75940.8370051384,0.0,0.0,4.0,0.7221319681562411,0.7609363961457516,0.0,0.0,0.0,0.0,0.7494605599813693,0.7939242091240709,,,0.7484507193824266,0.0,0.0,0.0,0.0,0.0,0.7482076268911929,0.0,0.7483440228146554,0.7886480513198559,0.0,0.0,0.0,0.0,0.7473769567417337,0.7919401832988763,0.0,0.0,0.0,0.0,0.0,0.0,0.0,0.0,0.7202718725190416,0.7716776874971784,0.0,0.0,0.0,0.0,0.7552442917229353,0.7944534372896063,0.7432018683610808,0.7859339835975451,0.0,0.0,0.0,0.0,0.7487514841655543,0.7926965677086323,0.879917823020736,0.0,0.0,0.0,0.0,0.0,0.8167121863751026,0.0,0.0,0.0,0.0,0.0,0.0,0.0,0.0,0.0,0.0,0.0,0.0,0.0,0.0,0.0,0.0,0.0,0.7703969875974669,0.0,0.0,0.0,0.0,0.0,0.8927443833569244,0.0
1.0,1.0,,,SPHERE,16.0,Car,['Car'],ASSYM_2,./log/Car_unsup/checkpointname.txt,https://github.com/ThibaultGROUEIX/CycleConsistentDeformation/commit/a3ed8999d1be92575db33050f0098799292ed01c,2019-09-04 21:04:48.213050,./html/,1.0,Pointnet,shapenet_Car_unsup,30.0,,,"[64, 64, 64, 64, 64, 64]",,10.0,1.0,1.0,1.0,1.0,0.0,Car_unsup,./log/Car_unsup/log.txt,,,,,,,,400.0,450.0,0.001,TRAIN,./log/Car_unsup/network.pth,500.0,BoundingBox,-1.0,20.0,5000.0,2500.0,5000.0,0.0,8888.0,0.0,0.0,0.0,0.0,./log/Car_unsup,,0.0,0.0,2186.5139503479004,0.0,0.0,4.0,0.6454582717056543,0.6745780713475877,0.0,0.0,0.0,0.0,0.6729428704385695,0.6973021070126995,,,0.7154049758733572,0.0,0.0,0.0,0.0,0.0,0.7097536302178546,0.0,0.7055174351626564,0.7397317822095374,0.0,0.0,0.0,0.0,0.7085771935719535,0.7363659797835329,0.0,0.0,0.0,0.0,0.0,0.0,0.0,0.0,0.6611162763261037,0.6913911400723263,0.0,0.0,0.0,0.0,0.6796148259530168,0.7019798517472493,0.6972505882092062,0.7471193977544622,0.0,0.0,0.0,0.0,0.7083498202339621,0.7538479377060437,0.7844251575648137,0.0,0.0,0.0,0.0,0.0,0.7377333718394973,0.0,0.0,0.0,0.0,0.0,0.0,0.0,0.0,0.0,0.0,0.0,0.0,0.0,0.0,0.0,0.0,0.0,0.7486584934528779,0.0,0.0,0.0,0.0,0.0,0.7878419359920712,0.0
1.0,1.0,,,SPHERE,16.0,Chair,['Chair'],ASSYM_2,./log/Chair_unsup/checkpointname.txt,https://github.com/ThibaultGROUEIX/CycleConsistentDeformation/commit/a3ed8999d1be92575db33050f0098799292ed01c,2019-09-04 17:28:52.635279,./html/,1.0,Pointnet,shapenet_Chair_unsup,30.0,,,"[64, 64, 64, 64, 64, 64]",,10.0,1.0,1.0,1.0,1.0,0.0,Chair_unsup,./log/Chair_unsup/log.txt,,,,,,,,400.0,450.0,0.001,TRAIN,./log/Chair_unsup/network.pth,500.0,BoundingBox,-1.0,20.0,5000.0,2500.0,5000.0,0.0,8888.0,0.0,0.0,0.0,0.0,./log/Chair_unsup,,0.0,0.0,42322.456830739975,0.0,0.0,4.0,0.8249016327097333,0.8399803738270559,0.0,0.0,0.0,0.0,0.8678307268510852,0.8765873981163893,,,0.8578459123230371,0.0,0.0,0.0,0.0,0.0,0.8572740824910265,0.0,0.8535974002807266,0.8608645362179203,0.0,0.0,0.0,0.0,0.8571917123504964,0.8643084720441252,0.0,0.0,0.0,0.0,0.0,0.0,0.0,0.0,0.8385161115554872,0.8573923281175516,0.0,0.0,0.0,0.0,0.8683757071671775,0.8765079499737827,0.854474681846591,0.8712328111251256,0.0,0.0,0.0,0.0,0.8601027008752833,0.8754256273277865,0.9165094017076075,0.0,0.0,0.0,0.0,0.0,0.8841312716919499,0.0,0.0,0.0,0.0,0.0,0.0,0.0,0.0,0.0,0.0,0.0,0.0,0.0,0.0,0.0,0.0,0.0,0.8573554762231848,0.0,0.0,0.0,0.0,0.0,0.9269024439971283,0.0
